,0
0,https://www.themajesty.xyz/urun/convers-run-star/
1,https://www.themajesty.xyz/urun/nike-airforce/
2,https://www.themajesty.xyz/urun/574-new-balence/
3,https://www.themajesty.xyz/urun/adidas-air/
4,https://www.themajesty.xyz/urun/puma-air/
5,https://www.themajesty.xyz/urun/nike-just/
6,https://www.themajesty.xyz/urun/vans/
7,https://www.themajesty.xyz/urun/nike-044/
8,https://www.themajesty.xyz/urun/nike-bleyzer/
9,https://www.themajesty.xyz/urun/tommy/
10,https://www.themajesty.xyz/urun/converse-kisa/
11,https://www.themajesty.xyz/urun/converse-uzun/
12,https://www.themajesty.xyz/urun/tekno-mk-2-bot/
13,https://www.themajesty.xyz/urun/nike-cortez/
14,https://www.themajesty.xyz/urun/nike-dunk/
15,https://www.themajesty.xyz/urun/nike-air-tm-just/
16,https://www.themajesty.xyz/urun/air-force-uzun/
17,https://www.themajesty.xyz/urun/nike-air-270/
18,https://www.themajesty.xyz/urun/adidas-lego/
19,https://www.themajesty.xyz/urun/nike-tekno-mk-2/
20,https://www.themajesty.xyz/urun/new-balance-gunluk/
21,https://www.themajesty.xyz/urun/adidas-021/
22,https://www.themajesty.xyz/urun/new-balance-530-cocuk/
23,https://www.themajesty.xyz/urun/lacoste-022/
24,https://www.themajesty.xyz/urun/adidas-triko-cocuk/
25,https://www.themajesty.xyz/urun/jordan-bot/
26,https://www.themajesty.xyz/urun/nike-airjordan-cocuk/
27,https://www.themajesty.xyz/urun/urun/
28,https://www.themajesty.xyz/urun/nike-q-10/
29,https://www.themajesty.xyz/urun/nike-airforce-cocuk/
30,https://www.themajesty.xyz/urun/prada/
31,https://www.themajesty.xyz/urun/nike-408-cocuk/
32,https://www.themajesty.xyz/urun/adidas-break/
33,https://www.themajesty.xyz/urun/nike-airmax-3-balon/
34,https://www.themajesty.xyz/urun/new-balance-550/
35,https://www.themajesty.xyz/urun/new-balance-550-2/
36,https://www.themajesty.xyz/urun/nike-free/
37,https://www.themajesty.xyz/urun/tommy-hilfiger/
38,https://www.themajesty.xyz/urun/new-balance-05/
39,https://www.themajesty.xyz/urun/nike-low-pro/
40,https://www.themajesty.xyz/urun/rolex-saat-seti/
41,https://www.themajesty.xyz/urun/rolex-saat-seti-2/
42,https://www.themajesty.xyz/urun/reebok/
43,https://www.themajesty.xyz/urun/new-balance-530/
44,https://www.themajesty.xyz/urun/new-balance-530-2/
45,https://www.themajesty.xyz/urun/adidas-yeni-neo/
46,https://www.themajesty.xyz/urun/alexader-mcqueen/
47,https://www.themajesty.xyz/urun/columbia-037/
48,https://www.themajesty.xyz/urun/under-armour/
49,https://www.themajesty.xyz/urun/nike-039/
50,https://www.themajesty.xyz/urun/balenciaga/
51,https://www.themajesty.xyz/urun/skechers-energy/
52,https://www.themajesty.xyz/urun/nike-duralon/
53,https://www.themajesty.xyz/urun/new-balance-725/
54,https://www.themajesty.xyz/urun/nike-air-327/
55,https://www.themajesty.xyz/urun/nike-air-370/
56,https://www.themajesty.xyz/urun/new-balance-990/
57,https://www.themajesty.xyz/urun/adidas-047/
58,https://www.themajesty.xyz/urun/adidas-048/
59,https://www.themajesty.xyz/urun/adidas-225/
60,https://www.themajesty.xyz/urun/nike-court-rnb/
61,https://www.themajesty.xyz/urun/nike-q-10-2/
62,https://www.themajesty.xyz/urun/nike-social/
63,https://www.themajesty.xyz/urun/skechers-23/
64,https://www.themajesty.xyz/urun/new-balance-223/
65,https://www.themajesty.xyz/urun/adidas-repsonse/
66,https://www.themajesty.xyz/urun/adidas-superstar/
67,https://www.themajesty.xyz/urun/puma-roma-2/
68,https://www.themajesty.xyz/urun/adidas-performance-x/
69,https://www.themajesty.xyz/urun/nike-promotion/
70,https://www.themajesty.xyz/urun/nike-power/
71,https://www.themajesty.xyz/urun/new-balance-x-90/
72,https://www.themajesty.xyz/urun/adidas-ultra/
73,https://www.themajesty.xyz/urun/skechers-triko/
74,https://www.themajesty.xyz/urun/ysl-set-ithal/
75,https://www.themajesty.xyz/urun/ysl-set-ithal-2/
76,https://www.themajesty.xyz/urun/ysl-set-ithal-3/
77,https://www.themajesty.xyz/urun/ysl-set-ithal-kopya/
78,https://www.themajesty.xyz/urun/givenchy-sortlu-takim/
79,https://www.themajesty.xyz/urun/nike-sortlu-takim/
80,https://www.themajesty.xyz/urun/burberry-erkek-ayakkabi/
81,https://www.themajesty.xyz/urun/adidas-sortlu-takim/
82,https://www.themajesty.xyz/urun/nike-bromley/
83,https://www.themajesty.xyz/urun/jordan-sortlu-takim/
84,https://www.themajesty.xyz/urun/adidas-performance/
85,https://www.themajesty.xyz/urun/palm-angeles/
86,https://www.themajesty.xyz/urun/jordan-esofman-takimi/
87,https://www.themajesty.xyz/urun/nike-sisme-hucum-yelek/
88,https://www.themajesty.xyz/urun/burberry-sisme-hucum-yelek/
89,https://www.themajesty.xyz/urun/canada-gosso-sisme-hucum-yelek/
90,https://www.themajesty.xyz/urun/moncler-sisme-yelek/
91,https://www.themajesty.xyz/urun/urun-2/
92,https://www.themajesty.xyz/urun/erkek-saat-seti/
93,https://www.themajesty.xyz/urun/erkek-saat-seti-2/
94,https://www.themajesty.xyz/urun/erkek-saat-seti-3/
95,https://www.themajesty.xyz/urun/erkek-saat-seti-4/
96,https://www.themajesty.xyz/urun/erkek-saat-seti-5/
97,https://www.themajesty.xyz/urun/erkek-saat-seti-6/
98,https://www.themajesty.xyz/urun/erkek-saat-seti-7/
99,https://www.themajesty.xyz/urun/erkek-saat-seti-8/
100,https://www.themajesty.xyz/urun/erkek-saat-seti-9/
101,https://www.themajesty.xyz/urun/erkek-saat-seti-10/
102,https://www.themajesty.xyz/urun/erkek-saat-seti-11/
103,https://www.themajesty.xyz/urun/erkek-saat-seti-12/
104,https://www.themajesty.xyz/urun/erkek-saat-seti-13/
105,https://www.themajesty.xyz/urun/erkek-saat-seti-14/
106,https://www.themajesty.xyz/urun/erkek-saat-seti-15/
107,https://www.themajesty.xyz/urun/erkek-saat-seti-16/
108,https://www.themajesty.xyz/urun/erkek-saat-seti-17/
109,https://www.themajesty.xyz/urun/erkek-saat-seti-18/
110,https://www.themajesty.xyz/urun/erkek-saat-seti-19/
111,https://www.themajesty.xyz/urun/erkek-saat-seti-20/
112,https://www.themajesty.xyz/urun/erkek-saat-seti-21/
113,https://www.themajesty.xyz/urun/erkek-saat-seti-22/
114,https://www.themajesty.xyz/urun/erkek-saat-seti-23/
115,https://www.themajesty.xyz/urun/kadin-saat-seti/
116,https://www.themajesty.xyz/urun/kadin-saat-seti-2/
117,https://www.themajesty.xyz/urun/kadin-saat-seti-3/
118,https://www.themajesty.xyz/urun/kadin-saat-seti-4/
119,https://www.themajesty.xyz/urun/kadin-saat-seti-5/
120,https://www.themajesty.xyz/urun/kadin-saat-seti-6/
121,https://www.themajesty.xyz/urun/kadin-saat-seti-7/
122,https://www.themajesty.xyz/urun/kadin-saat-seti-8/
123,https://www.themajesty.xyz/urun/kadin-saat-seti-9/
124,https://www.themajesty.xyz/urun/kadin-saat-seti-10/
125,https://www.themajesty.xyz/urun/kadin-saat-seti-11/
126,https://www.themajesty.xyz/urun/kadin-saat-seti-12/
127,https://www.themajesty.xyz/urun/kadin-saat-seti-13/
128,https://www.themajesty.xyz/urun/kadin-saat-seti-14/
129,https://www.themajesty.xyz/urun/kadin-saat-seti-15/
130,https://www.themajesty.xyz/urun/kadin-saat-seti-16/
131,https://www.themajesty.xyz/urun/kadin-saat-seti-17/
132,https://www.themajesty.xyz/urun/kadin-saat-seti-18/
133,https://www.themajesty.xyz/urun/kadin-saat-seti-19/
134,https://www.themajesty.xyz/urun/kadin-saat-seti-20/
135,https://www.themajesty.xyz/urun/kadin-saat-seti-21/
136,https://www.themajesty.xyz/urun/kadin-saat-seti-22/
137,https://www.themajesty.xyz/urun/kadin-saat-seti-23/
138,https://www.themajesty.xyz/urun/erkek-saat-seti-24/
139,https://www.themajesty.xyz/urun/erkek-saat-seti-25/
140,https://www.themajesty.xyz/urun/erkek-saat-seti-26/
141,https://www.themajesty.xyz/urun/erkek-saat-seti-27/
142,https://www.themajesty.xyz/urun/erkek-saat-seti-28/
143,https://www.themajesty.xyz/urun/erkek-saat-seti-29/
144,https://www.themajesty.xyz/urun/erkek-saat-seti-30/
145,https://www.themajesty.xyz/urun/erkek-saat-seti-31/
146,https://www.themajesty.xyz/urun/erkek-saat-seti-32/
147,https://www.themajesty.xyz/urun/erkek-saat-seti-33/
148,https://www.themajesty.xyz/urun/erkek-saat-seti-34/
149,https://www.themajesty.xyz/urun/erkek-saat-seti-35/
150,https://www.themajesty.xyz/urun/erkek-saat-seti-36/
151,https://www.themajesty.xyz/urun/erkek-saat-seti-37/
152,https://www.themajesty.xyz/urun/erkek-saat-seti-38/
153,https://www.themajesty.xyz/urun/erkek-saat-seti-39/
154,https://www.themajesty.xyz/urun/erkek-saat-seti-40/
155,https://www.themajesty.xyz/urun/erkek-saat-seti-41/
156,https://www.themajesty.xyz/urun/dolce-gabbana-erkek-ayakkabi/
157,https://www.themajesty.xyz/urun/dolce-gabbana-erkek-ayakkabi-2/
158,https://www.themajesty.xyz/urun/dolce-gabbana-erkek-ayakkabi-3/
159,https://www.themajesty.xyz/urun/dolce-gabbana-erkek-ayakkabi-4/
160,https://www.themajesty.xyz/urun/dolce-gabbana-erkek-ayakkabi-5/
161,https://www.themajesty.xyz/urun/erkek-ithal-tshirt-balenciaga/
162,https://www.themajesty.xyz/urun/erkek-ithal-tshirt-givenchy/
163,https://www.themajesty.xyz/urun/erkek-ithal-tshirt-adidas/
164,https://www.themajesty.xyz/urun/erkek-ithal-tshirt-palm-angels/
165,https://www.themajesty.xyz/urun/real-madrid-dalgic-kumas-esofman-takimi/
166,https://www.themajesty.xyz/urun/real-madrid-dalgic-kumas-esofman-takimi-2/
167,https://www.themajesty.xyz/urun/kadin-celik-full-set/
168,https://www.themajesty.xyz/urun/kadin-erkek-kombin-celik-full-set/
169,https://www.themajesty.xyz/urun/erkek-rolex-full-set/
170,https://www.themajesty.xyz/urun/erkek-rolex-full-premium-set/
171,https://www.themajesty.xyz/urun/erkek-car-marka-full-set/
172,https://www.themajesty.xyz/urun/erkek-yeni-model-full-set/
173,https://www.themajesty.xyz/urun/dsquared-erkek-ayakkab/
174,https://www.themajesty.xyz/urun/dior-erkek-spor-ayakkabi/
175,https://www.themajesty.xyz/urun/dolce-gabbana-south-erkek-spor-ayakkabi/
176,https://www.themajesty.xyz/urun/amiri-erkek-sortlu-takim/
177,https://www.themajesty.xyz/urun/fila-erkek-scuba-esofman-takimi/
178,https://www.themajesty.xyz/urun/reebok-erkek-esofman-takimi/
179,https://www.themajesty.xyz/urun/under-armour-erkek-esofman-takimi/
180,https://www.themajesty.xyz/urun/the-north-face-erkek-esofman-takimi/
181,https://www.themajesty.xyz/urun/columbia-erkek-esofman-takimi/
182,https://www.themajesty.xyz/urun/columbia-titanium-erkek-esofman-takimi/
183,https://www.themajesty.xyz/urun/new-york-erkek-esofman-takimi/
184,https://www.themajesty.xyz/urun/adidas-esofman-takimi/
185,https://www.themajesty.xyz/urun/lotto-esofman-takimi/
186,https://www.themajesty.xyz/urun/supeme-esofman-takimi/
187,https://www.themajesty.xyz/urun/jordan-esofman-takimi-2/
188,https://www.themajesty.xyz/urun/nike-esofman-takimi/
189,https://www.themajesty.xyz/urun/nike-esofman-takimi-2/
190,https://www.themajesty.xyz/urun/nike-esofman-takimi-3/
191,https://www.themajesty.xyz/urun/puma-esofman-takimi/
192,https://www.themajesty.xyz/urun/adidas-erkek-cotton-pamuklu-esofman-takimi/
193,https://www.themajesty.xyz/urun/adidas-erkek-cotton-pamuklu-esofman-takimi-2/
194,https://www.themajesty.xyz/urun/lakers-erkek-cotton-pamuklu-esofman-takimi/
195,https://www.themajesty.xyz/urun/lakers-erkek-cotton-pamuklu-esofman-takimi-2/
196,https://www.themajesty.xyz/urun/puma-erkek-cotton-pamuklu-esofman-takimi/
197,https://www.themajesty.xyz/urun/puma-erkek-cotton-pamuklu-esofman-takimi-2/
198,https://www.themajesty.xyz/urun/erkek-car-marka-full-set-2/
199,https://www.themajesty.xyz/urun/erkek-car-marka-full-set-3/
200,https://www.themajesty.xyz/urun/erkek-car-marka-full-set-4/
201,https://www.themajesty.xyz/urun/erkek-car-marka-full-set-5/
202,https://www.themajesty.xyz/urun/erkek-car-marka-full-set-6/
203,https://www.themajesty.xyz/urun/erkek-car-marka-full-set-7/
204,https://www.themajesty.xyz/urun/erkek-car-marka-full-set-8/
205,https://www.themajesty.xyz/urun/erkek-car-marka-full-set-9/
206,https://www.themajesty.xyz/urun/erkek-car-marka-full-set-10/
207,https://www.themajesty.xyz/urun/erkek-car-marka-full-set-11/
208,https://www.themajesty.xyz/urun/erkek-car-marka-full-set-12/
209,https://www.themajesty.xyz/urun/erkek-car-marka-full-set-13/
210,https://www.themajesty.xyz/urun/erkek-car-marka-full-set-14/
211,https://www.themajesty.xyz/urun/erkek-yeni-model-full-set-2/
212,https://www.themajesty.xyz/urun/erkek-yeni-model-full-set-3/
213,https://www.themajesty.xyz/urun/erkek-yeni-model-full-set-4/
214,https://www.themajesty.xyz/urun/erkek-yeni-model-full-set-5/
215,https://www.themajesty.xyz/urun/erkek-yeni-model-full-set-6/
216,https://www.themajesty.xyz/urun/erkek-yeni-model-full-set-7/
217,https://www.themajesty.xyz/urun/erkek-yeni-model-full-set-8/
218,https://www.themajesty.xyz/urun/erkek-yeni-model-full-set-9/
219,https://www.themajesty.xyz/urun/erkek-yeni-model-full-set-10/
220,https://www.themajesty.xyz/urun/erkek-yeni-model-full-set-11/
221,https://www.themajesty.xyz/urun/erkek-yeni-model-full-set-12/
222,https://www.themajesty.xyz/urun/erkek-yeni-model-full-set-13/
223,https://www.themajesty.xyz/urun/erkek-yeni-model-full-set-14/
224,https://www.themajesty.xyz/urun/erkek-rolex-full-premium-set-2/
225,https://www.themajesty.xyz/urun/erkek-rolex-full-premium-set-3/
226,https://www.themajesty.xyz/urun/erkek-rolex-full-premium-set-4/
227,https://www.themajesty.xyz/urun/erkek-rolex-full-premium-set-5/
228,https://www.themajesty.xyz/urun/erkek-rolex-full-premium-set-6/
229,https://www.themajesty.xyz/urun/erkek-rolex-full-premium-set-7/
230,https://www.themajesty.xyz/urun/erkek-rolex-full-premium-set-8/
231,https://www.themajesty.xyz/urun/erkek-rolex-full-premium-set-9/
232,https://www.themajesty.xyz/urun/erkek-rolex-full-premium-set-10/
233,https://www.themajesty.xyz/urun/erkek-rolex-full-premium-set-11/
234,https://www.themajesty.xyz/urun/erkek-rolex-full-premium-set-12/
235,https://www.themajesty.xyz/urun/erkek-rolex-full-premium-set-13/
236,https://www.themajesty.xyz/urun/erkek-rolex-full-premium-set-14/
237,https://www.themajesty.xyz/urun/erkek-rolex-full-premium-set-15/
238,https://www.themajesty.xyz/urun/erkek-rolex-full-premium-set-16/
239,https://www.themajesty.xyz/urun/erkek-rolex-full-premium-set-17/
240,https://www.themajesty.xyz/urun/erkek-rolex-full-premium-set-18/
241,https://www.themajesty.xyz/urun/erkek-rolex-full-premium-set-19/
242,https://www.themajesty.xyz/urun/erkek-rolex-full-set-2/
243,https://www.themajesty.xyz/urun/erkek-rolex-full-set-3/
244,https://www.themajesty.xyz/urun/kadin-erkek-kombin-celik-full-set-2/
245,https://www.themajesty.xyz/urun/kadin-erkek-kombin-celik-full-set-3/
246,https://www.themajesty.xyz/urun/kadin-erkek-kombin-celik-full-set-4/
247,https://www.themajesty.xyz/urun/kadin-erkek-kombin-celik-full-set-5/
248,https://www.themajesty.xyz/urun/kadin-erkek-kombin-celik-full-set-6/
249,https://www.themajesty.xyz/urun/kadin-celik-full-set-2/
250,https://www.themajesty.xyz/urun/kadin-celik-full-set-3/
251,https://www.themajesty.xyz/urun/kadin-celik-full-set-4/
252,https://www.themajesty.xyz/urun/kadin-celik-full-set-5/
253,https://www.themajesty.xyz/urun/kadin-celik-full-set-6/
254,https://www.themajesty.xyz/urun/kadin-celik-full-set-7/
255,https://www.themajesty.xyz/urun/kadin-celik-full-set-8/
256,https://www.themajesty.xyz/urun/kadin-celik-full-set-9/
257,https://www.themajesty.xyz/urun/kadin-celik-full-set-10/
258,https://www.themajesty.xyz/urun/kadin-celik-full-set-11/
259,https://www.themajesty.xyz/urun/nike-erkek-cotton-pamuklu-esofman-takimi/
260,https://www.themajesty.xyz/urun/nike-erkek-cotton-pamuklu-esofman-takimi-2/
261,https://www.themajesty.xyz/urun/nike-erkek-cotton-pamuklu-esofman-takimi-3/
262,https://www.themajesty.xyz/urun/nike-erkek-cotton-pamuklu-esofman-takimi-4/
263,https://www.themajesty.xyz/urun/puma-erkek-cotton-pamuklu-esofman-takimi-3/
264,https://www.themajesty.xyz/urun/puma-erkek-cotton-pamuklu-esofman-takimi-4/
265,https://www.themajesty.xyz/urun/nike-erkek-cotton-pamuklu-esofman-takimi-5/
266,https://www.themajesty.xyz/urun/nike-erkek-cotton-pamuklu-esofman-takimi-6/
267,https://www.themajesty.xyz/urun/puma-bmw-dalgic-kumas-esofman-takimi/
268,https://www.themajesty.xyz/urun/rolex-erkek-saat/
269,https://www.themajesty.xyz/urun/rolex-erkek-saat-2/
270,https://www.themajesty.xyz/urun/rolex-erkek-saat-3/
271,https://www.themajesty.xyz/urun/rolex-erkek-saat-4/
272,https://www.themajesty.xyz/urun/rolex-erkek-saat-5/
273,https://www.themajesty.xyz/urun/gucci-ithal-set/
274,https://www.themajesty.xyz/urun/gucci-ithal-set-2/
275,https://www.themajesty.xyz/urun/rolex-kadin-saat/
276,https://www.themajesty.xyz/urun/rolex-kadin-saat-2/
277,https://www.themajesty.xyz/urun/rolex-kadin-saat-3/
278,https://www.themajesty.xyz/urun/michael-kors-ithal-set/
279,https://www.themajesty.xyz/urun/michael-kors-ithal-set-2/
280,https://www.themajesty.xyz/urun/michael-kors-ithal-set-kopya/
281,https://www.themajesty.xyz/urun/nike-scuba-esofman-alti/
282,https://www.themajesty.xyz/urun/columbia-scuba-esofman-alti/
283,https://www.themajesty.xyz/urun/adidas-scuba-esofman-alti/
284,https://www.themajesty.xyz/urun/puma-scuba-esofman-alti/
285,https://www.themajesty.xyz/urun/under-armour-scuba-esofman-alti/
286,https://www.themajesty.xyz/urun/air-jordan-scuba-esofman-alti/
287,https://www.themajesty.xyz/urun/north-face-scuba-esofman-alti/
288,https://www.themajesty.xyz/urun/christian-dior-kadin-esofman-takimi/
289,https://www.themajesty.xyz/urun/calvin-klein-kaskorse-elbise/
290,https://www.themajesty.xyz/urun/louis-vuitton/
291,https://www.themajesty.xyz/urun/christian-dior/
292,https://www.themajesty.xyz/urun/burberry/
293,https://www.themajesty.xyz/urun/louis-vuitton-2/
294,https://www.themajesty.xyz/urun/nike-pro-spor-2li-takim/
295,https://www.themajesty.xyz/urun/philipp-plein/
296,https://www.themajesty.xyz/urun/philipp-plein-2/
297,https://www.themajesty.xyz/urun/lacoste-pro/
298,https://www.themajesty.xyz/urun/kadin-saat-seti-24/
299,https://www.themajesty.xyz/urun/kadin-saat-seti-25/
300,https://www.themajesty.xyz/urun/kadin-saat-seti-26/
301,https://www.themajesty.xyz/urun/kadin-saat-seti-27/
302,https://www.themajesty.xyz/urun/kadin-saat-seti-28/
303,https://www.themajesty.xyz/urun/kadin-saat-seti-29/
304,https://www.themajesty.xyz/urun/kadin-saat-seti-30/
305,https://www.themajesty.xyz/urun/kadin-saat-seti-31/
306,https://www.themajesty.xyz/urun/kadin-saat-seti-32/
307,https://www.themajesty.xyz/urun/kadin-saat-seti-33/
308,https://www.themajesty.xyz/urun/kadin-saat-seti-34/
309,https://www.themajesty.xyz/urun/kadin-saat-seti-35/
310,https://www.themajesty.xyz/urun/kadin-saat-seti-36/
311,https://www.themajesty.xyz/urun/kadin-saat-seti-37/
312,https://www.themajesty.xyz/urun/kadin-saat-seti-38/
313,https://www.themajesty.xyz/urun/kadin-saat-seti-39/
314,https://www.themajesty.xyz/urun/kadin-saat-seti-40/
315,https://www.themajesty.xyz/urun/kadin-saat-seti-41/
316,https://www.themajesty.xyz/urun/kadin-saat-seti-42/
317,https://www.themajesty.xyz/urun/kadin-saat-seti-43/
318,https://www.themajesty.xyz/urun/kadin-saat-seti-44/
319,https://www.themajesty.xyz/urun/dsquared-erkek-tshirtler/
320,https://www.themajesty.xyz/urun/nike-intitator/
321,https://www.themajesty.xyz/urun/nike-intitator-2/
322,https://www.themajesty.xyz/urun/new-balance-725-2/
323,https://www.themajesty.xyz/urun/adidas-class/
324,https://www.themajesty.xyz/urun/michael-kors-erkek-ayakkabi/
325,https://www.themajesty.xyz/urun/nike-yagmurluk/
326,https://www.themajesty.xyz/urun/nike-yagmurluk-2/
327,https://www.themajesty.xyz/urun/moncler-yagmurluk/
328,https://www.themajesty.xyz/urun/nike-sisme-hucum-yelek-2/
329,https://www.themajesty.xyz/urun/prada-new-kadin-spor-ayakkabi/
330,https://www.themajesty.xyz/urun/besiktas-alt-ust-takim/
331,https://www.themajesty.xyz/urun/besiktas-alt-ust-takim-2/
332,https://www.themajesty.xyz/urun/lacoste-097-spor-ayakkabi/
333,https://www.themajesty.xyz/urun/leopar-desen-kruvaze-yaka-elbise/
334,https://www.themajesty.xyz/urun/puma-rxs/
335,https://www.themajesty.xyz/urun/adidas-bolt-2/
336,https://www.themajesty.xyz/urun/adidas-bolt-3/
337,https://www.themajesty.xyz/urun/nike-hologram/
338,https://www.themajesty.xyz/urun/columbia-jana/
339,https://www.themajesty.xyz/urun/rolex-kadin-saat-4/
340,https://www.themajesty.xyz/urun/rolex-erkek-saat-6/
341,https://www.themajesty.xyz/urun/vans-2/
342,https://www.themajesty.xyz/urun/nike-luton/
343,https://www.themajesty.xyz/urun/columbia/
344,https://www.themajesty.xyz/urun/asics/
345,https://www.themajesty.xyz/urun/nike-ultra-force/
346,https://www.themajesty.xyz/urun/adidas-sisme-yelek/
347,https://www.themajesty.xyz/urun/adidas-sisme-yelek-2/
348,https://www.themajesty.xyz/urun/adidas-sisme-yelek-2-2/
349,https://www.themajesty.xyz/urun/puma-rxs-elite/
350,https://www.themajesty.xyz/urun/under-armour-2/
351,https://www.themajesty.xyz/urun/new-balance-running/
352,https://www.themajesty.xyz/urun/nike-scuba-esofman-takimi/
353,https://www.themajesty.xyz/urun/karl-lagerfeld-hucum-yelek/
354,https://www.themajesty.xyz/urun/versace/
355,https://www.themajesty.xyz/urun/adidas-run-yeni/
356,https://www.themajesty.xyz/urun/columbia-ithal-yagmurluk/
357,https://www.themajesty.xyz/urun/kadin-saat-seti-45/
358,https://www.themajesty.xyz/urun/kadin-saat-seti-45-2/
359,https://www.themajesty.xyz/urun/kadin-saat-seti-45-2-2/
360,https://www.themajesty.xyz/urun/kadin-saat-seti-45-2-2-2/
361,https://www.themajesty.xyz/urun/kadin-saat-seti-45-2-2-2-2/
362,https://www.themajesty.xyz/urun/kadin-saat-seti-45-2-2-2-2-2/
363,https://www.themajesty.xyz/urun/puma-kabartma-tshirt-ikili-takim/
364,https://www.themajesty.xyz/urun/puma-kabartma-tshirt-ikili-takim-2/
365,https://www.themajesty.xyz/urun/puma-kabartma-tshirt-ikili-takim-2-2/
366,https://www.themajesty.xyz/urun/puma-kabartma-tshirt-ikili-takim-2-2-2/
367,https://www.themajesty.xyz/urun/adidas-kabartma-tshirt-ikili-takim/
368,https://www.themajesty.xyz/urun/adidas-kabartma-tshirt-ikili-takim-2/
369,https://www.themajesty.xyz/urun/nike-cotton-takimlar/
370,https://www.themajesty.xyz/urun/lacoste-marathon-esofman-takimi/
371,https://www.themajesty.xyz/urun/nike-cotton-takimlar-2/
372,https://www.themajesty.xyz/urun/columbia-cotton-takimlar/
373,https://www.themajesty.xyz/urun/nike-cotton-takimlar-3/
374,https://www.themajesty.xyz/urun/nike-cotton-takimlar-4/
375,https://www.themajesty.xyz/urun/nike-cotton-takimlar-5/
376,https://www.themajesty.xyz/urun/nike-cotton-takimlar-6/
377,https://www.themajesty.xyz/urun/nike-cotton-takimlar-7/
378,https://www.themajesty.xyz/urun/nike-cotton-takimlar-8/
379,https://www.themajesty.xyz/urun/nike-air-zoom/
380,https://www.themajesty.xyz/urun/adidas-162/
381,https://www.themajesty.xyz/urun/nike-scuba-yeni-model-takim/
382,https://www.themajesty.xyz/urun/kruvaze-yaka-buzgu-ve-balon-kol-detay-elbise/
383,https://www.themajesty.xyz/urun/new-balance-510/
